{"cameraMode":{"drawMode":0,"name":"Shaded","section":"Shading Mode"},"sceneLighting":true,"audioPlay":false,"sceneViewState":{"showFog":true,"showMaterialUpdate":false,"showSkybox":true,"showFlares":true,"showImageEffects":true,"showParticleSystems":true},"in2DMode":false,"pivot":{"x":204.5465087890625,"y":200.33909606933595,"z":0.3719482421875},"rotation":{"x":0.023997101932764055,"y":0.007497804705053568,"z":-0.0001799823367036879,"w":0.9996846914291382},"size":232.75631713867188,"orthographic":true}