{"cameraMode":{"drawMode":0,"name":"Shaded","section":"Shading Mode"},"sceneLighting":true,"audioPlay":false,"sceneViewState":{"showFog":true,"showMaterialUpdate":false,"showSkybox":true,"showFlares":true,"showImageEffects":true,"showParticleSystems":true},"in2DMode":false,"pivot":{"x":241.89373779296876,"y":338.59063720703127,"z":0.0},"rotation":{"x":0.023997101932764055,"y":0.007497804705053568,"z":-0.0001799823367036879,"w":0.9996846914291382},"size":332.67376708984377,"orthographic":true}