{"cameraMode":{"drawMode":0,"name":"Shaded","section":"Shading Mode"},"sceneLighting":true,"audioPlay":false,"sceneViewState":{"showFog":true,"showMaterialUpdate":false,"showSkybox":true,"showFlares":true,"showImageEffects":true,"showParticleSystems":true},"in2DMode":false,"pivot":{"x":252.22381591796876,"y":266.0324401855469,"z":0.0},"rotation":{"x":0.023997101932764055,"y":0.007497804705053568,"z":-0.0001799823367036879,"w":0.9996846914291382},"size":332.6657409667969,"orthographic":true}